,importance
DistanceKM,0.43750289428002065
ShipModeRank,0.3259756156828759
Ship_Standard Class,0.18858034360134668
Ship_Second Class,0.04141457074450633
Ship_Same Day,0.004747223936249459
Ship_First Class,0.001380475049867728
Sales,0.000128105659555306
Cost,0.00010524653298411741
Units,5.730799886993525e-05
CostToSalesRatio,2.9543815530481804e-05
Region_Gulf,1.782711787290572e-05
Factory_Sugar Shack,1.7005788372151704e-05
Region_Pacific,1.48004483496141e-05
Region_Atlantic,8.765857300341474e-06
Factory_Lot's O' Nuts,5.564587101907102e-06
Region_Interior,4.972432471001909e-06
Div_Sugar,4.735433453616295e-06
Factory_Wicked Choccy's,3.7614319641479026e-06
Factory_The Other Factory,1.125160145519622e-06
Factory_Secret Factory,6.443210326205658e-08
Div_Chocolate,5.000905892997041e-08
Div_Other,0.0
