CurrentFactory,Region,AvgLeadTime,AvgDistance,AvgAdjMargin,OrderVolume,ClusterID,PerformanceLabel
Wicked Choccy's,Pacific,7.360429092974792,3451.931775506406,0.4015796637815201,1342,2,Consistently Slow / Congested
Sugar Shack,Gulf,7.0865265749520105,2334.5035145399806,0.3644708024817068,4,0,Slow
Lot's O' Nuts,Atlantic,6.942436450690308,3258.3320565609843,0.45461359826156444,1661,2,Consistently Slow / Congested
Lot's O' Nuts,Gulf,6.222608907150777,2680.5621076884386,0.5019596923803376,897,2,Consistently Slow / Congested
Sugar Shack,Pacific,5.766589932326309,2088.3564673798633,0.34318703202445217,3,0,Slow
The Other Factory,Pacific,5.687363176432221,2594.9225325856587,-0.09538274552643008,32,0,Slow
Sugar Shack,Atlantic,5.485652863638456,1768.415452802178,0.32481238604133306,18,0,Slow
Secret Factory,Pacific,5.2297882464977805,2319.3479516708844,0.2479919387076668,63,0,Slow
Lot's O' Nuts,Interior,5.095616367236854,1833.8817920582708,0.566466229491034,1321,1,Moderate
The Other Factory,Atlantic,4.562155571912473,1453.5820455125663,-0.01408084316185298,38,3,Fast & Efficient
Wicked Choccy's,Interior,4.497445401957925,1434.5309581838187,0.548420790657551,950,1,Moderate
Sugar Shack,Interior,4.1808803753447,1364.765867007996,0.33167936813436844,8,3,Fast & Efficient
Wicked Choccy's,Atlantic,4.1257546081733825,1188.5204334238235,0.5672913635722913,1197,1,Moderate
Secret Factory,Gulf,4.001438323117091,1150.1065481775524,0.3412068918297182,37,3,Fast & Efficient
Secret Factory,Atlantic,3.9593510012107185,1176.5740411652737,0.38678282856136315,72,3,Fast & Efficient
Lot's O' Nuts,Pacific,3.7237017278989684,987.9020280513683,0.6209814159844106,1813,1,Moderate
The Other Factory,Interior,3.717824442174185,781.3119794526806,0.020682082392648408,11,3,Fast & Efficient
Wicked Choccy's,Gulf,3.195427011305798,561.7873070895009,0.6116923924791413,663,1,Moderate
Secret Factory,Interior,3.1141061431908783,677.1525281065442,0.403454600822,45,3,Fast & Efficient
The Other Factory,Gulf,2.785706080411966,740.4548335352396,0.035351146444088315,19,3,Fast & Efficient
